team,wins,losses,win_pct,ppg,opp_ppg,point_diff
Miami Hurricanes,37,32,0.5362318840579711,74.44927536231884,74.82608695652173,-0.37681159420289856
Florida Gators,56,36,0.6086956521739131,78.05434782608695,71.3913043478261,6.663043478260869
Maryland Terrapins,55,39,0.5851063829787234,70.94680851063829,68.1063829787234,2.8404255319148937
Gonzaga Bulldogs,139,23,0.8580246913580247,87.20370370370371,69.60493827160494,17.598765432098766
Villanova Wildcats,78,37,0.6782608695652174,72.32173913043478,66.06086956521739,6.260869565217392
Seton Hall Pirates,33,35,0.4852941176470588,71.36764705882354,70.52941176470588,0.8382352941176471
Texas Tech Red Raiders,77,51,0.6015625,72.8984375,65.7578125,7.140625
Memphis Tigers,61,26,0.7011494252873564,76.93103448275862,70.75862068965517,6.172413793103448
Oregon Ducks,52,37,0.5842696629213483,74.68539325842697,71.40449438202248,3.2808988764044944
Baylor Bears,119,43,0.7345679012345679,77.53703703703704,66.9320987654321,10.604938271604938
Utah State Aggies,33,19,0.6346153846153846,75.38461538461539,70.0,5.384615384615385
Xavier Musketeers,40,38,0.5128205128205128,74.48717948717949,73.92307692307692,0.5641025641025641
Wisconsin Badgers,81,51,0.6136363636363636,71.74242424242425,68.37121212121212,3.371212121212121
Auburn Tigers,111,34,0.7655172413793103,78.15862068965517,68.64137931034483,9.517241379310345
VCU Rams,17,11,0.6071428571428571,70.60714285714286,67.46428571428571,3.142857142857143
North Carolina Tar Heels,65,40,0.6190476190476191,78.0952380952381,71.82857142857142,6.266666666666667
Syracuse Orange,12,21,0.36363636363636365,71.06060606060606,74.63636363636364,-3.5757575757575757
Ohio State Buckeyes,61,45,0.5754716981132075,73.80188679245283,69.20754716981132,4.59433962264151
Arizona Wildcats,106,39,0.7310344827586207,82.37931034482759,70.75862068965517,11.620689655172415
Purdue Boilermakers,115,44,0.7232704402515723,76.63522012578616,68.01886792452831,8.616352201257861
Omaha Mavericks,4,12,0.25,61.1875,80.3125,-19.125
Morehead State Eagles,6,13,0.3157894736842105,64.15789473684211,72.21052631578948,-8.052631578947368
Purdue Fort Wayne Mastodons,9,11,0.45,68.9,72.2,-3.3
Marshall Thundering Herd,8,7,0.5333333333333333,77.86666666666666,75.26666666666667,2.6
App State Mountaineers,6,8,0.42857142857142855,65.14285714285714,67.0,-1.8571428571428572
Hartford Hawks,3,7,0.3,63.4,68.5,-5.1
Clemson Tigers,35,26,0.5737704918032787,72.0,69.32786885245902,2.6721311475409837
North Florida Ospreys,5,11,0.3125,67.0625,83.1875,-16.125
Rutgers Scarlet Knights,33,36,0.4782608695652174,70.44927536231884,69.97101449275362,0.4782608695652174
Samford Bulldogs,2,4,0.3333333333333333,71.5,75.66666666666667,-4.166666666666667
South Dakota State Jackrabbits,8,15,0.34782608695652173,72.78260869565217,77.21739130434783,-4.434782608695652
North Dakota State Bison,14,9,0.6086956521739131,74.17391304347827,70.52173913043478,3.652173913043478
North Dakota Fighting Hawks,6,10,0.375,72.0,76.625,-4.625
Central Arkansas Bears,3,9,0.25,62.916666666666664,85.08333333333333,-22.166666666666668
Troy Trojans,4,11,0.26666666666666666,63.13333333333333,69.73333333333333,-6.6
Drake Bulldogs,11,8,0.5789473684210527,66.63157894736842,63.73684210526316,2.8947368421052633
TCU Horned Frogs,35,48,0.42168674698795183,68.20481927710843,70.08433734939759,-1.8795180722891567
Washington State Cougars,13,19,0.40625,66.78125,68.0,-1.21875
Air Force Falcons,1,14,0.06666666666666667,66.06666666666666,76.73333333333333,-10.666666666666666
UC Davis Aggies,5,10,0.3333333333333333,68.33333333333333,70.4,-2.066666666666667
Kentucky Wildcats,99,44,0.6923076923076923,81.00699300699301,72.39160839160839,8.615384615384615
Kansas Jayhawks,133,41,0.764367816091954,75.24137931034483,66.4367816091954,8.804597701149426
Duke Blue Devils,127,31,0.8037974683544303,79.73417721518987,65.71518987341773,14.018987341772151
UNC Wilmington Seahawks,4,8,0.3333333333333333,66.0,72.41666666666667,-6.416666666666667
LSU Tigers,27,39,0.4090909090909091,72.13636363636364,74.13636363636364,-2.0
Michigan State Spartans,79,47,0.626984126984127,73.41269841269842,68.47619047619048,4.936507936507937
Virginia Cavaliers,58,34,0.6304347826086957,62.45652173913044,59.19565217391305,3.260869565217391
Saint Mary's Gaels,34,21,0.6181818181818182,69.38181818181818,65.0,4.381818181818182
Washington Huskies,13,29,0.30952380952380953,69.71428571428571,75.57142857142857,-5.857142857142857
South Alabama Jaguars,7,7,0.5,68.42857142857143,67.21428571428571,1.2142857142857142
Louisville Cardinals,34,33,0.5074626865671642,71.35820895522389,69.73134328358209,1.626865671641791
Texas A&M Aggies,49,35,0.5833333333333334,72.96428571428571,70.30952380952381,2.6547619047619047
Colorado Buffaloes,35,35,0.5,69.61428571428571,69.41428571428571,0.2
Saint Louis Billikens,10,14,0.4166666666666667,72.125,72.83333333333333,-0.7083333333333334
UConn Huskies,104,37,0.7375886524822695,77.39007092198581,65.23404255319149,12.156028368794326
Miami (OH) RedHawks,6,7,0.46153846153846156,72.46153846153847,66.07692307692308,6.384615384615385
Florida State Seminoles,37,26,0.5873015873015873,74.0952380952381,71.5079365079365,2.5873015873015874
VMI Keydets,4,2,0.6666666666666666,78.33333333333333,65.0,13.333333333333334
Wright State Raiders,15,12,0.5555555555555556,76.4074074074074,73.85185185185185,2.5555555555555554
Ball State Cardinals,5,9,0.35714285714285715,72.28571428571429,75.64285714285714,-3.357142857142857
Old Dominion Monarchs,3,10,0.23076923076923078,68.07692307692308,79.3076923076923,-11.23076923076923
Saint Peter's Peacocks,24,10,0.7058823529411765,65.82352941176471,63.588235294117645,2.235294117647059
Yale Bulldogs,16,14,0.5333333333333333,74.33333333333333,71.56666666666666,2.7666666666666666
Drexel Dragons,7,3,0.7,70.5,63.4,7.1
NJIT Highlanders,1,4,0.2,69.4,82.2,-12.8
Massachusetts Minutemen,3,5,0.375,71.625,77.0,-5.375
Tennessee Volunteers,122,47,0.7218934911242604,73.94674556213018,63.18343195266272,10.763313609467456
St. John's Red Storm,33,32,0.5076923076923077,75.07692307692308,72.36923076923077,2.707692307692308
Virginia Tech Hokies,20,27,0.425531914893617,69.25531914893617,71.29787234042553,-2.0425531914893615
Georgia Bulldogs,12,34,0.2608695652173913,71.17391304347827,79.32608695652173,-8.152173913043478
Boston College Eagles,9,26,0.2571428571428571,65.74285714285715,74.42857142857143,-8.685714285714285
Indiana Hoosiers,39,44,0.46987951807228917,70.01204819277109,69.73493975903614,0.27710843373493976
Sam Houston Bearkats,6,6,0.5,70.75,66.0,4.75
Lipscomb Bisons,4,11,0.26666666666666666,71.8,77.46666666666667,-5.666666666666667
Florida Gulf Coast Eagles,6,5,0.5454545454545454,69.27272727272727,72.0909090909091,-2.8181818181818183
UAB Blazers,17,9,0.6538461538461539,75.11538461538461,72.76923076923077,2.3461538461538463
Northern Iowa Panthers,6,8,0.42857142857142855,74.78571428571429,74.07142857142857,0.7142857142857143
Loyola Chicago Ramblers,15,12,0.5555555555555556,66.55555555555556,62.407407407407405,4.148148148148148
Tulsa Golden Hurricane,7,11,0.3888888888888889,65.11111111111111,73.61111111111111,-8.5
Vanderbilt Commodores,18,37,0.32727272727272727,71.78181818181818,78.0,-6.218181818181818
Missouri Tigers,32,40,0.4444444444444444,73.88888888888889,75.44444444444444,-1.5555555555555556
Northern Arizona Lumberjacks,4,10,0.2857142857142857,67.64285714285714,76.85714285714286,-9.214285714285714
Chicago State Cougars,5,15,0.25,62.35,76.4,-14.05
Western Illinois Leathernecks,5,2,0.7142857142857143,83.85714285714286,69.14285714285714,14.714285714285714
Colorado State Rams,17,23,0.425,69.05,69.75,-0.7
Illinois Fighting Illini,98,51,0.6577181208053692,78.45637583892618,71.3758389261745,7.080536912751678
Boise State Broncos,15,19,0.4411764705882353,69.47058823529412,72.20588235294117,-2.735294117647059
San José State Spartans,6,18,0.25,69.08333333333333,79.95833333333333,-10.875
UNLV Rebels,14,11,0.56,70.16,68.8,1.36
Oregon State Beavers,13,21,0.38235294117647056,68.11764705882354,73.79411764705883,-5.676470588235294
Portland State Vikings,4,6,0.4,74.1,73.8,0.3
Fresno State Bulldogs,5,22,0.18518518518518517,62.370370370370374,71.88888888888889,-9.518518518518519
San Diego Toreros,2,18,0.1,62.65,81.9,-19.25
Temple Owls,5,13,0.2777777777777778,61.888888888888886,71.72222222222223,-9.833333333333334
Elon Phoenix,2,9,0.18181818181818182,65.27272727272727,76.18181818181819,-10.909090909090908
Michigan Wolverines,53,40,0.5698924731182796,73.90322580645162,71.41935483870968,2.4838709677419355
Harvard Crimson,9,7,0.5625,66.875,66.0,0.875
Cal Poly Mustangs,3,13,0.1875,63.9375,72.4375,-8.5
Long Beach State Beach,8,12,0.4,70.7,77.4,-6.7
Fairfield Stags,12,15,0.4444444444444444,62.74074074074074,65.03703703703704,-2.2962962962962963
Charleston Cougars,13,9,0.5909090909090909,76.0,73.5,2.5
Marquette Golden Eagles,78,42,0.65,75.75,70.63333333333334,5.116666666666666
Iowa State Cyclones,67,58,0.536,70.6,67.616,2.984
Pennsylvania Quakers,10,17,0.37037037037037035,67.62962962962963,74.4074074074074,-6.777777777777778
Southern Miss Golden Eagles,7,7,0.5,66.71428571428571,72.28571428571429,-5.571428571428571
Creighton Bluejays,83,49,0.6287878787878788,75.85606060606061,69.9469696969697,5.909090909090909
Western Kentucky Hilltoppers,6,12,0.3333333333333333,67.66666666666667,71.72222222222223,-4.055555555555555
Dayton Flyers,51,16,0.7611940298507462,73.70149253731343,64.7910447761194,8.91044776119403
Ole Miss Rebels,32,40,0.4444444444444444,71.73611111111111,72.19444444444444,-0.4583333333333333
Saint Joseph's Hawks,4,13,0.23529411764705882,68.58823529411765,77.0,-8.411764705882353
Butler Bulldogs,21,44,0.3230769230769231,66.36923076923077,72.86153846153846,-6.492307692307692
Alcorn State Braves,9,16,0.36,65.72,77.32,-11.6
Duquesne Dukes,6,12,0.3333333333333333,68.33333333333333,72.0,-3.6666666666666665
South Dakota Coyotes,9,5,0.6428571428571429,75.64285714285714,70.28571428571429,5.357142857142857
Iowa Hawkeyes,46,39,0.5411764705882353,79.68235294117648,75.95294117647059,3.7294117647058824
Penn State Nittany Lions,29,30,0.4915254237288136,71.45762711864407,72.22033898305085,-0.7627118644067796
Abilene Christian Wildcats,6,9,0.4,68.93333333333334,69.33333333333333,-0.4
West Virginia Mountaineers,37,49,0.43023255813953487,69.66279069767442,70.90697674418605,-1.244186046511628
Grand Canyon Lopes,17,10,0.6296296296296297,74.14814814814815,68.92592592592592,5.222222222222222
Oakland Golden Grizzlies,9,20,0.3103448275862069,69.37931034482759,78.93103448275862,-9.551724137931034
Minnesota Golden Gophers,13,39,0.25,65.88461538461539,73.0576923076923,-7.173076923076923
Northwestern Wildcats,17,43,0.2833333333333333,67.41666666666667,74.2,-6.783333333333333
San Diego State Aztecs,74,23,0.7628865979381443,71.24742268041237,63.50515463917526,7.742268041237113
Cincinnati Bearcats,21,29,0.42,66.8,66.8,0.0
Youngstown State Penguins,7,6,0.5384615384615384,77.46153846153847,74.38461538461539,3.076923076923077
UTEP Miners,4,11,0.26666666666666666,64.6,69.66666666666667,-5.066666666666666
Hawai'i Rainbow Warriors,7,7,0.5,65.28571428571429,69.78571428571429,-4.5
Mount St. Mary's Mountaineers,7,10,0.4117647058823529,62.76470588235294,69.29411764705883,-6.529411764705882
Loyola Maryland Greyhounds,4,4,0.5,68.125,74.25,-6.125
Stanford Cardinal,12,25,0.32432432432432434,68.48648648648648,74.67567567567568,-6.1891891891891895
Wichita State Shockers,9,22,0.2903225806451613,67.58064516129032,73.16129032258064,-5.580645161290323
Portland Pilots,6,12,0.3333333333333333,72.22222222222223,78.5,-6.277777777777778
La Salle Explorers,4,10,0.2857142857142857,65.42857142857143,73.78571428571429,-8.357142857142858
Utah Utes,6,25,0.1935483870967742,68.51612903225806,79.25806451612904,-10.741935483870968
Mississippi State Bulldogs,28,41,0.4057971014492754,70.65217391304348,72.79710144927536,-2.1449275362318843
Oklahoma State Cowboys,24,41,0.36923076923076925,67.52307692307693,73.84615384615384,-6.323076923076923
Georgia Tech Yellow Jackets,16,21,0.43243243243243246,66.45945945945945,69.51351351351352,-3.054054054054054
Wyoming Cowboys,8,17,0.32,69.88,74.36,-4.48
Wake Forest Demon Deacons,9,28,0.24324324324324326,70.0,75.75675675675676,-5.756756756756757
Providence Friars,39,37,0.5131578947368421,70.42105263157895,71.21052631578948,-0.7894736842105263
Loyola Marymount Lions,5,12,0.29411764705882354,66.23529411764706,78.41176470588235,-12.176470588235293
Notre Dame Fighting Irish,10,26,0.2777777777777778,67.58333333333333,73.11111111111111,-5.527777777777778
South Florida Bulls,9,18,0.3333333333333333,67.14814814814815,73.4074074074074,-6.2592592592592595
Southern Jaguars,8,13,0.38095238095238093,67.28571428571429,71.76190476190476,-4.476190476190476
Cornell Big Red,7,12,0.3684210526315789,72.0,75.05263157894737,-3.0526315789473686
Maryland Eastern Shore Hawks,5,14,0.2631578947368421,60.10526315789474,73.3157894736842,-13.210526315789474
Howard Bison,7,11,0.3888888888888889,74.5,78.0,-3.5
Delaware State Hornets,4,11,0.26666666666666666,69.86666666666666,82.0,-12.133333333333333
Bethune-Cookman Wildcats,2,11,0.15384615384615385,63.84615384615385,80.76923076923077,-16.923076923076923
Florida A&M Rattlers,3,11,0.21428571428571427,61.57142857142857,75.78571428571429,-14.214285714285714
Alabama State Hornets,2,16,0.1111111111111111,60.55555555555556,75.72222222222223,-15.166666666666666
Alabama A&M Bulldogs,4,7,0.36363636363636365,66.45454545454545,71.54545454545455,-5.090909090909091
Montana Grizzlies,9,11,0.45,71.4,73.65,-2.25
Oklahoma Sooners,41,54,0.43157894736842106,71.15789473684211,71.45263157894736,-0.29473684210526313
Pittsburgh Panthers,12,22,0.35294117647058826,67.55882352941177,73.8529411764706,-6.294117647058823
Kansas State Wildcats,32,45,0.4155844155844156,69.81818181818181,74.0,-4.181818181818182
Alabama Crimson Tide,104,44,0.7027027027027027,84.60810810810811,76.44594594594595,8.162162162162161
South Carolina Gamecocks,15,39,0.2777777777777778,68.12962962962963,77.53703703703704,-9.407407407407407
Georgetown Hoyas,11,36,0.23404255319148937,68.1063829787234,76.08510638297872,-7.9787234042553195
Arizona State Sun Devils,16,31,0.3404255319148936,70.04255319148936,76.7872340425532,-6.74468085106383
DePaul Blue Demons,9,39,0.1875,66.58333333333333,78.625,-12.041666666666666
Texas Longhorns,78,49,0.6141732283464567,73.80314960629921,69.38582677165354,4.417322834645669
Arkansas Razorbacks,60,40,0.6,76.17,72.23,3.94
Fordham Rams,5,7,0.4166666666666667,64.66666666666667,68.16666666666667,-3.5
Niagara Purple Eagles,8,14,0.36363636363636365,65.77272727272727,67.72727272727273,-1.9545454545454546
Marist Red Foxes,12,15,0.4444444444444444,64.44444444444444,64.85185185185185,-0.4074074074074074
Canisius Golden Griffins,10,15,0.4,68.6,73.12,-4.52
Maine Black Bears,1,6,0.14285714285714285,55.57142857142857,71.71428571428571,-16.142857142857142
Illinois State Redbirds,3,9,0.25,67.83333333333333,79.16666666666667,-11.333333333333334
Southern Illinois Salukis,5,8,0.38461538461538464,62.46153846153846,66.53846153846153,-4.076923076923077
Kansas City Roos,5,10,0.3333333333333333,61.06666666666667,72.6,-11.533333333333333
UCLA Bruins,75,31,0.7075471698113207,73.30188679245283,65.21698113207547,8.084905660377359
Houston Cougars,163,28,0.8534031413612565,74.1413612565445,58.58115183246073,15.56020942408377
Richmond Spiders,12,10,0.5454545454545454,66.95454545454545,68.72727272727273,-1.7727272727272727
New Mexico Lobos,20,21,0.4878048780487805,77.65853658536585,76.1951219512195,1.4634146341463414
East Carolina Pirates,5,11,0.3125,66.0,72.4375,-6.4375
Santa Clara Broncos,4,11,0.26666666666666666,74.8,86.06666666666666,-11.266666666666667
California Golden Bears,5,24,0.1724137931034483,63.0,73.72413793103448,-10.724137931034482
Kent State Golden Flashes,14,14,0.5,71.57142857142857,72.14285714285714,-0.5714285714285714
Buffalo Bulls,7,17,0.2916666666666667,72.16666666666667,80.66666666666667,-8.5
Detroit Mercy Titans,5,8,0.38461538461538464,75.0,77.92307692307692,-2.923076923076923
Princeton Tigers,15,8,0.6521739130434783,70.6086956521739,66.69565217391305,3.9130434782608696
Brown Bears,7,12,0.3684210526315789,65.42105263157895,73.21052631578948,-7.7894736842105265
Iona Gaels,18,10,0.6428571428571429,70.92857142857143,67.21428571428571,3.7142857142857144
Rider Broncs,13,18,0.41935483870967744,67.58064516129032,69.3225806451613,-1.7419354838709677
Rhode Island Rams,4,11,0.26666666666666666,67.2,73.33333333333333,-6.133333333333334
Milwaukee Panthers,4,17,0.19047619047619047,70.71428571428571,77.71428571428571,-7.0
Green Bay Phoenix,1,17,0.05555555555555555,61.5,79.0,-17.5
San Francisco Dons,6,18,0.25,72.375,77.04166666666667,-4.666666666666667
NC State Wolfpack,17,22,0.4358974358974359,70.84615384615384,71.82051282051282,-0.9743589743589743
USC Trojans,37,34,0.5211267605633803,71.47887323943662,70.54929577464789,0.9295774647887324
Nebraska Cornhuskers,12,41,0.22641509433962265,69.39622641509433,78.77358490566037,-9.377358490566039
Toledo Rockets,15,10,0.6,78.48,76.96,1.52
Northern Kentucky Norse,16,9,0.64,67.8,63.44,4.36
Central Michigan Chippewas,1,10,0.09090909090909091,66.81818181818181,78.36363636363636,-11.545454545454545
Dartmouth Big Green,7,9,0.4375,69.375,69.25,0.125
St. Bonaventure Bonnies,6,10,0.375,67.0625,69.0625,-2.0
Siena Saints,10,14,0.4166666666666667,67.95833333333333,68.04166666666667,-0.08333333333333333
Pepperdine Waves,2,20,0.09090909090909091,74.72727272727273,87.9090909090909,-13.181818181818182
SMU Mustangs,5,19,0.20833333333333334,67.04166666666667,74.33333333333333,-7.291666666666667
BYU Cougars,39,31,0.5571428571428572,78.12857142857143,75.38571428571429,2.742857142857143
Merrimack Warriors,5,3,0.625,66.875,65.5,1.375
Columbia Lions,2,15,0.11764705882352941,64.29411764705883,74.05882352941177,-9.764705882352942
Manhattan Jaspers,3,23,0.11538461538461539,62.11538461538461,72.15384615384616,-10.038461538461538
Quinnipiac Bobcats,11,9,0.55,72.15,71.95,0.2
Robert Morris Colonials,8,6,0.5714285714285714,74.42857142857143,70.64285714285714,3.7857142857142856
Wagner Seahawks,6,7,0.46153846153846156,65.46153846153847,74.46153846153847,-9.0
St. Francis Brooklyn Terriers,0,4,0.0,71.5,82.25,-10.75
Fairleigh Dickinson Knights,6,10,0.375,72.0625,76.5,-4.4375
George Mason Patriots,4,12,0.25,62.375,74.25,-11.875
Nevada Wolf Pack,15,15,0.5,72.13333333333334,73.23333333333333,-1.1
Bradley Braves,3,6,0.3333333333333333,62.44444444444444,66.22222222222223,-3.7777777777777777
Winthrop Eagles,8,5,0.6153846153846154,68.61538461538461,68.61538461538461,0.0
Bowling Green Falcons,5,8,0.38461538461538464,73.61538461538461,82.15384615384616,-8.538461538461538
Akron Zips,16,12,0.5714285714285714,72.14285714285714,69.42857142857143,2.7142857142857144
Monmouth Hawks,12,12,0.5,67.16666666666667,74.29166666666667,-7.125
Wofford Terriers,3,9,0.25,67.08333333333333,75.58333333333333,-8.5
Belmont Bruins,4,5,0.4444444444444444,68.44444444444444,74.44444444444444,-6.0
Radford Highlanders,2,6,0.25,71.125,77.0,-5.875
Northern Illinois Huskies,6,6,0.5,68.75,75.83333333333333,-7.083333333333333
Davidson Wildcats,11,10,0.5238095238095238,75.57142857142857,72.28571428571429,3.2857142857142856
Indiana State Sycamores,3,9,0.25,68.33333333333333,78.58333333333333,-10.25
Murray State Racers,14,4,0.7777777777777778,72.83333333333333,64.16666666666667,8.666666666666666
Hofstra Pride,6,10,0.375,69.0,73.5625,-4.5625
Ohio Bobcats,11,10,0.5238095238095238,76.76190476190476,68.66666666666667,8.095238095238095
Georgia Southern Eagles,3,7,0.3,63.0,69.0,-6.0
East Tennessee State Buccaneers,3,2,0.6,74.8,76.2,-1.4
Northeastern Huskies,2,7,0.2222222222222222,62.0,73.0,-11.0
Prairie View A&M Panthers,7,10,0.4117647058823529,72.29411764705883,73.11764705882354,-0.8235294117647058
Vermont Catamounts,8,6,0.5714285714285714,66.35714285714286,65.5,0.8571428571428571
Stony Brook Seawolves,2,5,0.2857142857142857,61.285714285714285,73.0,-11.714285714285714
South Carolina State Bulldogs,4,15,0.21052631578947367,72.47368421052632,82.0,-9.526315789473685
Texas Southern Tigers,18,12,0.6,68.7,69.8,-1.1
Jackson State Tigers,5,21,0.19230769230769232,61.26923076923077,76.0,-14.73076923076923
Weber State Wildcats,7,6,0.5384615384615384,64.15384615384616,67.76923076923077,-3.6153846153846154
Southern Utah Thunderbirds,8,5,0.6153846153846154,78.84615384615384,75.76923076923077,3.076923076923077
George Washington Revolutionaries,2,9,0.18181818181818182,67.27272727272727,76.63636363636364,-9.363636363636363
Northwestern State Demons,5,15,0.25,64.05,79.65,-15.6
North Carolina Central Eagles,8,7,0.5333333333333333,70.53333333333333,69.86666666666666,0.6666666666666666
Georgia State Panthers,2,10,0.16666666666666666,67.91666666666667,81.66666666666667,-13.75
Colgate Raiders,8,10,0.4444444444444444,72.88888888888889,74.0,-1.1111111111111112
Florida International Panthers,3,7,0.3,77.7,78.2,-0.5
Texas State Bobcats,5,8,0.38461538461538464,64.38461538461539,70.3076923076923,-5.923076923076923
Lamar Cardinals,5,6,0.45454545454545453,69.0,74.45454545454545,-5.454545454545454
North Carolina A&T Aggies,3,8,0.2727272727272727,72.45454545454545,80.63636363636364,-8.181818181818182
Western Carolina Catamounts,2,6,0.25,68.625,81.125,-12.5
Jacksonville State Gamecocks,6,7,0.46153846153846156,72.61538461538461,68.53846153846153,4.076923076923077
Campbell Fighting Camels,4,3,0.5714285714285714,73.57142857142857,67.42857142857143,6.142857142857143
Seattle U Redhawks,6,9,0.4,73.2,71.33333333333333,1.8666666666666667
Stetson Hatters,4,5,0.4444444444444444,69.11111111111111,73.66666666666667,-4.555555555555555
UCF Knights,10,26,0.2777777777777778,66.47222222222223,72.58333333333333,-6.111111111111111
Mercer Bears,5,4,0.5555555555555556,73.55555555555556,67.55555555555556,6.0
Tennessee Tech Golden Eagles,4,6,0.4,65.1,75.0,-9.9
Cleveland State Vikings,11,8,0.5789473684210527,75.63157894736842,73.84210526315789,1.7894736842105263
New Hampshire Wildcats,4,5,0.4444444444444444,72.22222222222223,72.55555555555556,-0.3333333333333333
UMBC Retrievers,5,5,0.5,73.8,73.0,0.8
Eastern Michigan Eagles,3,11,0.21428571428571427,66.64285714285714,80.64285714285714,-14.0
UC Irvine Anteaters,10,7,0.5882352941176471,70.82352941176471,66.3529411764706,4.470588235294118
Incarnate Word Cardinals,4,12,0.25,66.4375,76.5625,-10.125
Rice Owls,10,14,0.4166666666666667,71.04166666666667,74.375,-3.3333333333333335
Montana State Bobcats,10,6,0.625,73.875,73.0,0.875
Little Rock Trojans,4,6,0.4,69.9,72.0,-2.1
Kennesaw State Owls,3,9,0.25,67.83333333333333,78.16666666666667,-10.333333333333334
Coastal Carolina Chanticleers,2,4,0.3333333333333333,70.83333333333333,73.0,-2.1666666666666665
Bellarmine Knights,7,7,0.5,68.71428571428571,69.07142857142857,-0.35714285714285715
IU Indianapolis Jaguars,3,13,0.1875,63.125,75.1875,-12.0625
Louisiana Ragin' Cajuns,3,8,0.2727272727272727,69.54545454545455,77.54545454545455,-8.0
UL Monroe Warhawks,2,7,0.2222222222222222,65.44444444444444,74.0,-8.555555555555555
Louisiana Tech Bulldogs,9,7,0.5625,65.125,67.4375,-2.3125
UC Santa Barbara Gauchos,10,4,0.7142857142857143,72.64285714285714,68.35714285714286,4.285714285714286
Charlotte 49ers,1,13,0.07142857142857142,63.714285714285715,73.14285714285714,-9.428571428571429
Tulane Green Wave,6,17,0.2608695652173913,67.65217391304348,77.65217391304348,-10.0
Pacific Tigers,1,14,0.06666666666666667,63.46666666666667,78.66666666666667,-15.2
Denver Pioneers,3,10,0.23076923076923078,72.53846153846153,82.84615384615384,-10.307692307692308
Long Island University Sharks,3,9,0.25,67.83333333333333,80.25,-12.416666666666666
Liberty Flames,5,7,0.4166666666666667,68.5,67.25,1.25
Gardner-Webb Runnin' Bulldogs,3,10,0.23076923076923078,69.53846153846153,74.53846153846153,-5.0
UT Arlington Mavericks,6,7,0.46153846153846156,71.6923076923077,75.0,-3.3076923076923075
Arkansas State Red Wolves,6,5,0.5454545454545454,71.0909090909091,74.9090909090909,-3.8181818181818183
Middle Tennessee Blue Raiders,7,7,0.5,67.57142857142857,71.0,-3.4285714285714284
Cal State Northridge Matadors,3,8,0.2727272727272727,66.81818181818181,68.18181818181819,-1.3636363636363635
UIC Flames,5,4,0.5555555555555556,65.77777777777777,66.66666666666667,-0.8888888888888888
North Texas Mean Green,9,11,0.45,62.9,61.1,1.8
New Mexico State Aggies,9,8,0.5294117647058824,64.23529411764706,64.3529411764706,-0.11764705882352941
Utah Tech Trailblazers,6,10,0.375,73.6875,80.375,-6.6875
Valparaiso Beacons,2,6,0.25,64.375,68.5,-4.125
Charleston Southern Buccaneers,0,6,0.0,63.0,80.66666666666667,-17.666666666666668
Hampton Pirates,3,5,0.375,73.0,81.625,-8.625
High Point Panthers,2,7,0.2222222222222222,64.44444444444444,73.66666666666667,-9.222222222222221
UC San Diego Tritons,3,4,0.42857142857142855,71.0,68.14285714285714,2.857142857142857
Cal State Fullerton Titans,7,9,0.4375,70.3125,70.9375,-0.625
Eastern Washington Eagles,6,6,0.5,68.83333333333333,70.75,-1.9166666666666667
The Citadel Bulldogs,3,6,0.3333333333333333,73.33333333333333,79.33333333333333,-6.0
Florida Atlantic Owls,37,16,0.6981132075471698,77.32075471698113,70.41509433962264,6.90566037735849
North Alabama Lions,5,5,0.5,77.8,77.8,0.0
Western Michigan Broncos,1,10,0.09090909090909091,67.63636363636364,78.45454545454545,-10.818181818181818
UT Rio Grande Valley Vaqueros,5,11,0.3125,73.25,75.875,-2.625
Mississippi Valley State Delta Devils,3,14,0.17647058823529413,56.588235294117645,85.41176470588235,-28.823529411764707
Missouri State Bears,6,5,0.5454545454545454,70.81818181818181,62.09090909090909,8.727272727272727
California Baptist Lancers,4,9,0.3076923076923077,67.0,74.07692307692308,-7.076923076923077
UNC Greensboro Spartans,5,5,0.5,61.9,70.0,-8.1
SE Louisiana Lions,6,6,0.5,66.83333333333333,72.75,-5.916666666666667
Bryant Bulldogs,5,8,0.38461538461538464,71.3076923076923,77.53846153846153,-6.230769230769231
Northern Colorado Bears,5,7,0.4166666666666667,72.41666666666667,81.33333333333333,-8.916666666666666
Army Black Knights,1,9,0.1,64.0,76.7,-12.7
New Orleans Privateers,9,10,0.47368421052631576,71.0,77.78947368421052,-6.7894736842105265
UTSA Roadrunners,5,10,0.3333333333333333,78.86666666666666,79.86666666666666,-1.0
Idaho State Bengals,2,5,0.2857142857142857,64.57142857142857,70.14285714285714,-5.571428571428571
Norfolk State Spartans,15,11,0.5769230769230769,71.96153846153847,65.53846153846153,6.423076923076923
Grambling Tigers,7,20,0.25925925925925924,62.25925925925926,74.07407407407408,-11.814814814814815
UC Riverside Highlanders,6,5,0.5454545454545454,68.18181818181819,68.9090909090909,-0.7272727272727273
Coppin State Eagles,3,15,0.16666666666666666,63.611111111111114,78.0,-14.38888888888889
Nicholls Colonels,6,15,0.2857142857142857,70.38095238095238,78.9047619047619,-8.523809523809524
Utah Valley Wolverines,8,4,0.6666666666666666,76.75,67.33333333333333,9.416666666666666
Evansville Purple Aces,2,7,0.2222222222222222,60.55555555555556,73.88888888888889,-13.333333333333334
Chattanooga Mocs,5,3,0.625,72.375,65.125,7.25
James Madison Dukes,17,5,0.7727272727272727,79.45454545454545,68.72727272727273,10.727272727272727
Towson Tigers,2,6,0.25,66.375,70.125,-3.75
Lehigh Mountain Hawks,2,4,0.3333333333333333,66.0,75.0,-9.0
Oral Roberts Golden Eagles,9,9,0.5,73.61111111111111,71.77777777777777,1.8333333333333333
Chaminade Silverswords,0,2,0.0,60.0,86.5,-26.5
Sacramento State Hornets,6,8,0.42857142857142855,66.21428571428571,67.21428571428571,-1.0
Furman Paladins,4,5,0.4444444444444444,71.22222222222223,75.22222222222223,-4.0
Tennessee State Tigers,3,3,0.5,73.66666666666667,67.66666666666667,6.0
Delaware Blue Hens,6,4,0.6,68.2,68.7,-0.5
American University Eagles,1,6,0.14285714285714285,64.57142857142857,83.42857142857143,-18.857142857142858
Lafayette Leopards,0,5,0.0,61.4,78.6,-17.2
Boston University Terriers,5,1,0.8333333333333334,79.66666666666667,63.0,16.666666666666668
Holy Cross Crusaders,1,7,0.125,64.875,83.75,-18.875
UT Martin Skyhawks,2,8,0.2,76.0,76.0,0.0
Southeast Missouri State Redhawks,4,4,0.5,71.875,67.25,4.625
Longwood Lancers,2,5,0.2857142857142857,60.714285714285715,76.71428571428571,-16.0
South Carolina Upstate Spartans,3,4,0.42857142857142855,62.42857142857143,82.0,-19.571428571428573
Houston Christian Huskies,3,12,0.2,61.6,80.86666666666666,-19.266666666666666
Texas A&M-Corpus Christi Islanders,10,13,0.43478260869565216,70.91304347826087,74.6086956521739,-3.6956521739130435
Morgan State Bears,7,13,0.35,71.3,81.5,-10.2
Stephen F. Austin Lumberjacks,3,8,0.2727272727272727,69.27272727272727,77.63636363636364,-8.363636363636363
Immaculata Mighty Macs,0,1,0.0,47.0,74.0,-27.0
Arkansas-Pine Bluff Golden Lions,6,15,0.2857142857142857,68.19047619047619,81.9047619047619,-13.714285714285714
UNC Asheville Bulldogs,4,4,0.5,71.625,75.0,-3.375
Bucknell Bison,2,7,0.2222222222222222,70.44444444444444,81.33333333333333,-10.88888888888889
Saint Francis Red Flash,3,8,0.2727272727272727,69.9090909090909,70.18181818181819,-0.2727272727272727
Sacred Heart Pioneers,3,6,0.3333333333333333,72.0,80.77777777777777,-8.777777777777779
Presbyterian Blue Hose,2,6,0.25,59.625,77.875,-18.25
Idaho Vandals,2,4,0.3333333333333333,75.83333333333333,66.16666666666667,9.666666666666666
St. Thomas-Minnesota Tommies,3,3,0.5,75.66666666666667,72.5,3.1666666666666665
Tarleton State Texans,5,9,0.35714285714285715,57.357142857142854,64.5,-7.142857142857143
UMass Lowell River Hawks,2,9,0.18181818181818182,63.27272727272727,77.9090909090909,-14.636363636363637
Cal State Bakersfield Roadrunners,4,11,0.26666666666666666,61.266666666666666,70.4,-9.133333333333333
Eastern Illinois Panthers,1,7,0.125,62.625,78.375,-15.75
Jacksonville Dolphins,4,9,0.3076923076923077,63.84615384615385,73.61538461538461,-9.76923076923077
East Texas A&M Lions,1,9,0.1,68.6,78.3,-9.7
Le Moyne Dolphins,2,2,0.5,67.75,79.25,-11.5
SIU Edwardsville Cougars,1,4,0.2,66.4,71.0,-4.6
Bethesda University Flames,0,3,0.0,65.33333333333333,102.0,-36.666666666666664
Queens University Royals,1,4,0.2,70.0,88.8,-18.8
Southern Indiana Screaming Eagles,3,3,0.5,74.5,71.5,3.0
Lindenwood Lions,0,5,0.0,61.0,82.4,-21.4
McNeese Cowboys,6,12,0.3333333333333333,64.11111111111111,73.33333333333333,-9.222222222222221
Midland University Midland,0,1,0.0,53.0,72.0,-19.0
Spalding Pelicans,0,2,0.0,42.5,76.5,-34.0
Manchester Spartans,0,1,0.0,80.0,91.0,-11.0
Ferrum Panthers,0,1,0.0,56.0,83.0,-27.0
Florida National Conquistadors,0,2,0.0,68.0,99.5,-31.5
Kentucky Wesleyan Panthers,0,1,0.0,42.0,68.0,-26.0
Peru State Bobcats,0,1,0.0,58.0,86.0,-28.0
Mayville St Comets,0,1,0.0,53.0,93.0,-40.0
Crown College Polars,0,1,0.0,61.0,86.0,-25.0
Hendrix College Warriors,0,1,0.0,51.0,71.0,-20.0
Southwestern (TX) Pirates,0,2,0.0,61.5,93.0,-31.5
Jessup University Warriors,0,1,0.0,63.0,109.0,-46.0
Eastern Kentucky Colonels,0,9,0.0,64.55555555555556,83.0,-18.444444444444443
Binghamton Bearcats,2,6,0.25,61.75,81.25,-19.5
Central State (OH) Marauders,0,1,0.0,45.0,80.0,-35.0
Christendom Crusaders,0,1,0.0,20.0,96.0,-76.0
Urbana Blue Knights,0,1,0.0,51.0,88.0,-37.0
LeTourneau Yellow Jackets,0,2,0.0,63.0,99.0,-36.0
Cornell College (IA) Rams,0,1,0.0,66.0,88.0,-22.0
Austin Peay Governors,0,9,0.0,61.0,83.88888888888889,-22.88888888888889
Benedictine (AZ) Redhawks,0,1,0.0,56.0,93.0,-37.0
North Park Vikings,0,1,0.0,66.0,79.0,-13.0
Rust Bearcats,0,2,0.0,63.5,108.5,-45.0
Howard Payne Yellow Jackets,0,1,0.0,36.0,105.0,-69.0
Portland Bible Arrows,0,1,0.0,48.0,101.0,-53.0
San Diego Christian Hawks,0,3,0.0,44.333333333333336,93.33333333333333,-49.0
Central Connecticut Blue Devils,2,4,0.3333333333333333,59.0,74.83333333333333,-15.833333333333334
Navy Midshipmen,2,3,0.4,63.4,64.6,-1.2
Elmira Soaring Eagles,0,1,0.0,33.0,70.0,-37.0
Piedmont Lions,0,2,0.0,57.0,87.0,-30.0
Mobile Rams,0,2,0.0,62.5,91.0,-28.5
St. Andrews Knights,0,2,0.0,54.0,97.0,-43.0
Emmanuel (MA) Lions,1,0,1.0,64.0,61.0,3.0
Washburn Ichabods,0,1,0.0,54.0,89.0,-35.0
William & Mary Tribe,0,4,0.0,62.75,82.75,-20.0
Olivet Comets,0,1,0.0,65.0,94.0,-29.0
Carver College Cougars,0,2,0.0,40.5,99.5,-59.0
McMurry War Hawks,0,1,0.0,54.0,81.0,-27.0
Montana-Western Bulldogs,0,1,0.0,67.0,96.0,-29.0
Transylvania Pioneers,0,1,0.0,40.0,90.0,-50.0
Lancasater Bible College Chargers,0,1,0.0,49.0,90.0,-41.0
Our Lady Of The Lake Saints,0,3,0.0,66.33333333333333,92.33333333333333,-26.0
Southern Virginia Knights,0,2,0.0,51.5,104.5,-53.0
Warner Pacific Knights,0,1,0.0,61.0,92.0,-31.0
UAlbany Great Danes,3,3,0.5,62.0,66.0,-4.0
Covenant Fighting Scots,0,1,0.0,39.0,100.0,-61.0
Defiance Yellow Jackets,0,2,0.0,37.5,103.5,-66.0
Regent Royals,0,2,0.0,40.0,92.0,-52.0
Warren Wilson Owls,0,1,0.0,32.0,110.0,-78.0
Ecclesia Royals,0,3,0.0,58.666666666666664,114.66666666666667,-56.0
Presentation College Saints,0,1,0.0,58.0,99.0,-41.0
Rogers State Hillcats,0,1,0.0,31.0,91.0,-60.0
Oakwood Ambassadors,0,2,0.0,60.5,98.0,-37.5
Pacific Lutheran Lutes,0,1,0.0,40.0,89.0,-49.0
Alliance University Warriors,0,1,0.0,67.0,113.0,-46.0
Yellowstone Christian College Centurions,0,1,0.0,43.0,104.0,-61.0
Moravian Greyhounds,0,1,0.0,55.0,94.0,-39.0
Midway University Eagles,0,1,0.0,39.0,89.0,-50.0
Erskine Flying Fleet,0,1,0.0,44.0,69.0,-25.0
Johnson University Florida Suns,0,1,0.0,58.0,104.0,-46.0
Blue Mountain Toppers,0,1,0.0,69.0,87.0,-18.0
Merchant Marine Academy Mariners,0,1,0.0,48.0,106.0,-58.0
Keene St Owls,0,1,0.0,54.0,92.0,-38.0
LaGrange Panthers,0,1,0.0,80.0,110.0,-30.0
Nelson Lions,0,1,0.0,49.0,118.0,-69.0
Dallas Christian Crusaders,0,1,0.0,52.0,102.0,-50.0
Rochester University (MI) Warriors,0,1,0.0,65.0,93.0,-28.0
Rockford Regents,0,1,0.0,56.0,113.0,-57.0
District Of Columbia Firebirds,0,1,0.0,74.0,87.0,-13.0
North American Stallions,0,3,0.0,60.0,90.0,-30.0
Pittsburgh - Greensburg Bobcats,0,1,0.0,49.0,84.0,-35.0
Mercy Mavericks,0,1,0.0,66.0,106.0,-40.0
Cairn University Highlanders,0,2,0.0,61.5,84.0,-22.5
Champion Christian Tigers,0,2,0.0,60.0,105.5,-45.5
Missouri S&T Miners,0,1,0.0,47.0,82.0,-35.0
Western Colorado Mountaineers,0,1,0.0,64.0,91.0,-27.0
Cal Maritime Keelhaulers,0,2,0.0,55.5,98.0,-42.5
Puget Sound Loggers,0,1,0.0,55.0,106.0,-51.0
Goshen Maple Leafs,0,1,0.0,44.0,87.0,-43.0
Stonehill Skyhawks,2,8,0.2,63.7,80.4,-16.7
Cincinnati Clermont Cougars,0,1,0.0,49.0,89.0,-40.0
Belhaven Blazers,0,1,0.0,38.0,90.0,-52.0
Brevard Tornados,0,1,0.0,46.0,94.0,-48.0
College of New Jersey Lions,0,1,0.0,50.0,87.0,-37.0
Bryn Athyn Lions,0,1,0.0,43.0,90.0,-47.0
Lyon Scots,0,1,0.0,46.0,83.0,-37.0
St. Francis (IL) Fighting Saints,0,1,0.0,63.0,65.0,-2.0
Campbellsville-Harrodsburg Pioneers,0,1,0.0,54.0,107.0,-53.0
Dakota State Trojans,0,1,0.0,64.0,82.0,-18.0
Cardinal Stritch Wolves,0,1,0.0,38.0,112.0,-74.0
Kentucky State Thorobreds,0,2,0.0,55.0,120.5,-65.5
Trinity College of Jacksonville Eagles,0,2,0.0,39.0,71.5,-32.5
Massachusetts College of Liberal Arts Mohawks,0,1,0.0,52.0,107.0,-55.0
Lindsey Wilson Blue Raiders,0,1,0.0,53.0,90.0,-37.0
Southwestern Adventist Knights,0,2,0.0,45.5,116.0,-70.5
University of Saint Katherine Saint Katherine,0,1,0.0,48.0,91.0,-43.0
FDU Florham Devils,0,1,0.0,45.0,82.0,-37.0
Southern-New Orleans Knights,0,1,0.0,61.0,118.0,-57.0
Truett-McConnell Bears,0,2,0.0,57.5,91.5,-34.0
St. Mary's (MD) Seahawks,0,1,0.0,41.0,91.0,-50.0
William Woods Owls,0,1,0.0,49.0,87.0,-38.0
Paul Quinn Tigers,0,1,0.0,46.0,76.0,-30.0
Jarvis Christian Bulldogs,0,2,0.0,58.0,103.0,-45.0
Crowley's Ridge Pioneers,0,2,0.0,57.5,95.0,-37.5
Colorado Christian Cougars,1,1,0.5,66.5,77.5,-11.0
Wisconsin-Stout Blue Devils,0,2,0.0,61.5,91.5,-30.0
Montana State-Northern Lights,0,1,0.0,51.0,63.0,-12.0
Westcliff Warriors,0,1,0.0,57.0,78.0,-21.0
Occidental Tigers,0,1,0.0,57.0,95.0,-38.0
Schreiner Mountaineers,0,2,0.0,63.0,102.5,-39.5
Antelope Valley,0,1,0.0,54.0,80.0,-26.0
Eureka Red Devils,0,2,0.0,53.0,85.5,-32.5
Northwest Indian RedHawks,0,1,0.0,51.0,125.0,-74.0
Fairmont St Falcons,0,1,0.0,74.0,93.0,-19.0
Bob Jones Bruins,0,1,0.0,55.0,116.0,-61.0
Cal State LA Golden Eagles,0,1,0.0,69.0,92.0,-23.0
Davis & Elkins Senators,0,1,0.0,66.0,105.0,-39.0
Glenville State Pioneers,0,1,0.0,73.0,99.0,-26.0
Allen University Yellow Jackets,0,1,0.0,70.0,90.0,-20.0
Anderson (SC) Trojans,0,1,0.0,79.0,106.0,-27.0
Spring Hill Badgers,0,1,0.0,53.0,82.0,-29.0
Dillard Blue Devils,0,1,0.0,71.0,79.0,-8.0
Westmont Warriors,0,1,0.0,53.0,80.0,-27.0
Life Pacific Warriors,0,1,0.0,52.0,97.0,-45.0
Eastern Oregon Mountaineers,0,2,0.0,49.5,121.5,-72.0
East-West University Phantoms,0,2,0.0,58.0,97.0,-39.0
Calumet Crimson Wave,0,2,0.0,52.0,97.5,-45.5
Stanislaus State Warriors,0,2,0.0,37.0,87.5,-50.5
John Brown Golden Eagles,0,1,0.0,70.0,96.0,-26.0
Keystone Giants,0,1,0.0,59.0,130.0,-71.0
Berea Mountaineers,0,1,0.0,59.0,98.0,-39.0
Virginia-Lynchburg Dragons,0,2,0.0,66.5,110.0,-43.5
Bethel (IN) Pilots,0,1,0.0,62.0,81.0,-19.0
Colby-Sawyer Chargers,0,1,0.0,36.0,95.0,-59.0
CSU Pueblo Thunderwolves,0,1,0.0,54.0,86.0,-32.0
Penn State-Alleghany Nittany Lions,0,1,0.0,49.0,117.0,-68.0
Arlington Baptist Patriots,0,2,0.0,53.0,118.5,-65.5
Texas Lutheran Bulldogs,0,1,0.0,50.0,102.0,-52.0
Westminster (PA) Titans,0,1,0.0,45.0,117.0,-72.0
Houghton Highlanders,0,1,0.0,72.0,92.0,-20.0
Thomas (ME) Terriers,0,2,0.0,61.5,95.0,-33.5
Bluefield University Ramblin' Rams,0,1,0.0,70.0,103.0,-33.0
Central Christian College Tigers,0,1,0.0,56.0,99.0,-43.0
Adams State Grizzlies,0,2,0.0,72.0,97.5,-25.5
SUNY-Canton Roos,0,1,0.0,62.0,95.0,-33.0
Toccoa Falls Eagles,0,1,0.0,61.0,110.0,-49.0
North Greenville Crusaders,0,1,0.0,54.0,79.0,-25.0
Dakota Wesleyan Tigers,0,2,0.0,65.5,85.0,-19.5
Tabor,0,1,0.0,57.0,88.0,-31.0
La Sierra Golden Eagles,0,1,0.0,51.0,79.0,-28.0
Columbia International Rams,0,1,0.0,59.0,89.0,-30.0
Sarah Lawrence Gryphons,0,1,0.0,46.0,92.0,-46.0
Lincoln University (CA) Oaklanders,0,1,0.0,80.0,117.0,-37.0
West Virginia Wesleyan Bobcats,0,1,0.0,63.0,93.0,-30.0
St. Thomas (TX) Celts,0,1,0.0,54.0,80.0,-26.0
Whittier Poets,0,1,0.0,66.0,100.0,-34.0
Willamette Bearcats,0,1,0.0,69.0,100.0,-31.0
Milligan Buffaloes,0,1,0.0,69.0,78.0,-9.0
UNT Dallas Trailblazers,1,0,1.0,69.0,68.0,1.0
Franciscan University Barons,0,1,0.0,47.0,104.0,-57.0
Chadron State Eagles,0,1,0.0,72.0,87.0,-15.0
Northern New Mexico Eagles,0,1,0.0,50.0,87.0,-37.0
Mercyhurst Lakers,0,1,0.0,63.0,72.0,-9.0
Morehouse Maroon Tigers,1,0,1.0,79.0,76.0,3.0
Washington Adventist Shock,0,1,0.0,42.0,105.0,-63.0
