game_id,game_datetime,gameday,home_team,away_team,series,home_sp,away_sp,home_sp_fip,away_sp_fip,starter_scenarios,home_win_prob,away_win_prob,predicted_run_diff,predicted_total,predicted_home_runs,predicted_away_runs
849845,2026-09-29T18:00:00Z,2026-09-29,Atlanta Braves,Philadelphia Phillies,NL Wild Card Series,Chris Sale,Jesús Luzardo,2.88,3.12,1,56.7,43.3,0.67,7.36,4.02,3.35
849849,2026-09-29T21:00:00Z,2026-09-29,Houston Astros,Chicago White Sox,AL Wild Card Series,,,,,25,50.9,49.1,-0.02,9.08,4.53,4.55
849851,2026-09-30T00:00:00Z,2026-09-29,New York Yankees,Boston Red Sox,AL Wild Card Series,Cam Schlittler,Payton Tolle,3.11,3.58,1,55.9,44.1,0.59,7.62,4.11,3.51
849843,2026-09-30T02:00:00Z,2026-09-29,San Diego Padres,Chicago Cubs,NL Wild Card Series,Michael King,,4.2,,5,51.4,48.6,0.05,8.63,4.34,4.29
849841,2026-09-30T18:00:00Z,2026-09-30,Atlanta Braves,Philadelphia Phillies,NL Wild Card Series,,,,,25,55.1,44.9,0.49,8.48,4.49,4.0
849846,2026-09-30T21:00:00Z,2026-09-30,Houston Astros,Chicago White Sox,AL Wild Card Series,,,,,25,50.9,49.1,-0.02,9.08,4.53,4.55
849848,2026-10-01T00:00:00Z,2026-09-30,New York Yankees,Boston Red Sox,AL Wild Card Series,Max Fried,Sonny Gray,3.25,3.63,1,56.5,43.5,0.66,7.85,4.25,3.59
849842,2026-10-01T02:00:00Z,2026-09-30,San Diego Padres,Chicago Cubs,NL Wild Card Series,,,,,25,51.5,48.5,0.05,8.8,4.43,4.37
849844,2026-10-01T18:00:00Z,2026-10-01,Atlanta Braves,Philadelphia Phillies,NL Wild Card Series,,,,,25,55.1,44.9,0.49,8.48,4.49,4.0
849850,2026-10-01T21:00:00Z,2026-10-01,Houston Astros,Chicago White Sox,AL Wild Card Series,,,,,25,50.9,49.1,-0.02,9.09,4.53,4.55
849847,2026-10-02T00:00:00Z,2026-10-01,New York Yankees,Boston Red Sox,AL Wild Card Series,Gerrit Cole,Ranger Suarez,4.05,3.47,1,52.8,47.2,0.2,8.44,4.32,4.12
849840,2026-10-02T02:00:00Z,2026-10-01,San Diego Padres,Chicago Cubs,NL Wild Card Series,,,,,25,51.5,48.5,0.05,8.8,4.43,4.37
